rowIndex,ClaimAmount
0,1870.76262621733
1,1828.9440068003717
2,2567.154525641492
3,1841.4736052774226
4,1530.26248654548
5,2740.4013112396565
6,1841.4736052774226
7,2355.571177154764
8,1805.184720518917
9,2567.437543765442
10,1684.4170414863993
11,2168.645751975529
12,2724.1026935603036
13,1549.750660346632
14,2689.7730154130113
15,1831.2886743974893
16,2640.027372641893
17,2518.719938208482
18,2518.719938208482
19,1840.8726202916087
20,2651.157419556788
21,1951.5322488426505
22,2689.7730154130113
23,2745.7094703626594
24,1831.8164558972808
25,1834.196723115023
26,1838.5565472074798
27,2745.7094703626594
28,2440.151640082173
29,2168.645751975529
30,1841.4736052774226
31,2633.0189188095496
32,2720.9683527238262
33,2568.2241555158434
34,2168.645751975529
35,2434.02255141696
36,2707.096967278878
37,2256.3402752824118
38,2224.6127168576613
39,1951.5322488426505
40,1834.196723115023
41,1818.1840576962857
42,2007.5463833461479
43,1629.4646781487331
44,1818.1840576962857
45,1831.667267847239
46,1530.26248654548
47,2086.3243653153213
48,1841.4736052774226
49,2651.157419556788
50,2168.645751975529
51,1837.3099213620394
52,2744.8073278542533
53,2745.7094703626594
54,1837.6012463823915
55,1834.196723115023
56,2430.947870260741
57,1829.9051882115266
58,1828.799443355873
59,1785.9598770618206
60,1828.8262167054993
61,1841.4736052774226
62,1789.8756187015224
63,2593.6823281683046
64,2620.5842450836576
65,2440.151640082173
66,1829.652783122788
67,2736.0276646910825
68,2543.218893463692
69,1837.6012463823915
70,1834.196723115023
71,1818.1840576962857
72,1530.26248654548
73,1828.8262167054993
74,1891.8354432830026
75,2205.763791583508
76,2498.3124786131675
77,1841.4736052774226
78,2168.645751975529
79,2193.296989756848
80,1530.26248654548
81,2549.3951091898916
82,1834.196723115023
83,1834.196723115023
84,1839.7187973554674
85,2608.0285242424693
86,2740.4013112396565
87,1841.4736052774226
88,1840.8726202916087
89,1530.26248654548
90,1839.6451973666246
91,1951.5322488426505
92,1839.2191596943057
93,2434.02255141696
94,2698.0847684326277
95,1834.196723115023
96,1951.5322488426505
97,1832.916084748591
98,2651.157419556788
99,2740.4013112396565
100,2205.763791583508
101,1831.667267847239
102,2042.8913917140042
103,2549.3951091898916
104,1828.794599531769
105,2168.645751975529
106,1835.9142631583904
107,1878.1309572547573
108,1818.1840576962857
109,2227.7695481026067
110,2430.947870260741
111,1891.8354432830026
112,2666.539842750286
113,2510.6858222782053
114,2716.4811017088537
115,1818.1840576962857
116,2168.645751975529
117,1841.4736052774226
118,2695.0809416018383
119,1530.26248654548
120,2633.0189188095496
121,1833.3492864555628
122,2522.4242313705813
123,1951.5322488426505
124,2434.02255141696
125,1549.750660346632
126,2168.645751975529
127,1834.196723115023
128,1775.2910304601487
129,1951.5322488426505
130,1530.26248654548
131,1818.1840576962857
132,1530.26248654548
133,2430.947870260741
134,2430.947870260741
135,1597.4860387583344
136,2518.719938208482
137,2187.097051838191
138,1834.8885881019714
139,1839.617610673142
140,1910.6208278719762
141,1530.26248654548
142,2720.6597121225627
143,2600.8444838925725
144,2430.947870260741
145,2549.3951091898916
146,1836.7393204000275
147,1530.26248654548
148,2430.947870260741
149,1951.5322488426505
150,2685.6709824601367
151,2549.3951091898916
152,1818.1840576962857
153,2498.480314880914
154,2735.3412453401343
155,2745.7094703626594
156,1818.1840576962857
157,2490.9837077958146
158,1908.9586278975733
159,2434.02255141696
160,2490.9837077958146
161,2744.1738850937068
162,2689.7730154130113
163,2547.829038083936
164,1831.1595298973402
165,1837.3099213620394
166,1818.1840576962857
167,2342.8020927444395
168,2285.1152257166964
169,1840.8726202916087
170,2168.645751975529
171,1834.196723115023
172,2743.060939530801
173,1840.8726202916087
174,2549.3951091898916
175,2518.719938208482
176,2168.645751975529
177,1530.26248654548
178,1832.916084748591
179,1818.1840576962857
180,2552.4822121388693
181,2739.278631630161
182,1829.9051882115266
183,2168.645751975529
184,2430.947870260741
185,2502.5638446396524
186,2508.337989543499
187,1825.9402147478443
188,1818.1840576962857
189,1818.1840576962857
190,1834.196723115023
191,1530.26248654548
192,1834.196723115023
193,2291.5254961600176
194,1943.4870516873439
195,2651.157419556788
196,2522.4242313705813
197,1818.1840576962857
198,2380.9749331220683
199,2544.740453888804
200,2651.157419556788
201,1818.1840576962857
202,1818.1840576962857
203,2159.511102343447
204,2168.645751975529
205,2513.0262839495317
206,2549.3951091898916
207,2430.947870260741
208,1829.7064272309058
209,1951.5322488426505
210,1818.1840576962857
211,1995.58532573005
212,1841.4736052774226
213,1818.1840576962857
214,2651.157419556788
215,1829.7393419118564
216,2144.4353563684786
217,1840.8726202916087
218,2285.1152257166964
219,1834.196723115023
220,2434.02255141696
221,2744.326171988057
222,1951.5322488426505
223,1824.2026543614538
224,1840.8726202916087
225,1818.1840576962857
226,1837.4940011599283
227,2651.157419556788
228,2746.774464228202
229,1768.2592049448874
230,2567.437543765442
231,1530.26248654548
232,2518.719938208482
233,2691.19397990375
234,1840.8726202916087
235,2168.645751975529
236,2579.5202274590533
237,1834.196723115023
238,2735.3412453401343
239,1789.8756187015224
240,1833.3492864555628
241,2518.719938208482
242,2518.719938208482
243,1818.1840576962857
244,2690.468233545906
245,1874.366763086919
246,1530.26248654548
247,1834.196723115023
248,1834.196723115023
249,2744.8073278542533
250,1834.196723115023
251,1951.5322488426505
252,2549.3951091898916
253,2048.151851662273
254,2522.4242313705813
255,2549.3951091898916
256,2240.4349194824363
257,2658.9992805815277
258,1828.776953030537
259,2689.7730154130113
260,2461.3735474372997
261,1829.652783122788
262,1840.8726202916087
263,2555.793638337962
264,2430.947870260741
265,2430.947870260741
266,2645.0823546571464
267,1834.196723115023
268,1839.6451973666246
269,2651.157419556788
270,2691.19397990375
271,2728.882658217115
272,2168.645751975529
273,1809.501505093228
274,2549.3951091898916
275,2368.298999401576
276,2651.157419556788
277,2745.7094703626594
278,1839.0072687905867
279,1834.196723115023
280,2549.3951091898916
281,2430.947870260741
282,2745.7094703626594
283,2168.645751975529
284,2019.863669670663
285,2746.2666591974707
286,2707.096967278878
287,1818.1840576962857
288,2668.3771397188184
289,2651.157419556788
290,1840.8726202916087
291,1841.4736052774226
292,2745.7094703626594
293,2502.3893422807437
294,2187.097051838191
295,2689.7730154130113
296,1951.5322488426505
297,1530.26248654548
298,1834.196723115023
299,2745.7094703626594
300,2430.947870260741
301,2434.02255141696
302,1842.7241423474286
303,2501.8401989510844
304,1919.193080626566
305,1951.5322488426505
306,2168.645751975529
307,1834.196723115023
308,1836.5319220869349
309,1891.8354432830026
310,2522.4242313705813
311,1839.617610673142
312,1856.9830420315047
313,2702.040874671676
314,2699.4187216979253
315,1818.1840576962857
316,1818.1840576962857
317,2434.02255141696
318,2434.02255141696
319,1937.6272236417917
320,2549.3951091898916
321,2510.6858222782053
322,1828.799443355873
323,1834.4892400961307
324,2668.3771397188184
325,1838.1071033198505
326,1813.4535350167585
327,1841.4736052774226
328,2535.8577833157374
329,1789.8756187015224
330,2168.645751975529
331,2717.504378085983
332,1841.4736052774226
333,2168.645751975529
334,1834.196723115023
335,1832.3993691307076
336,1829.1494811183343
337,2717.504378085983
338,1818.1840576962857
339,2168.645751975529
340,1834.196723115023
341,1530.26248654548
342,1530.26248654548
343,2168.645751975529
344,1908.9586278975733
345,1530.26248654548
346,1908.9586278975733
347,1829.9051882115266
348,2069.685263364924
349,1951.5322488426505
350,1986.2810635684168
351,1818.1840576962857
352,1828.9708750183877
353,2682.3714040508626
354,2678.991505400449
355,1840.8726202916087
356,1818.1840576962857
357,2048.151851662273
358,1818.1840576962857
359,1951.5322488426505
360,1530.26248654548
361,1834.196723115023
362,2434.02255141696
363,2503.5956694275915
364,1818.1840576962857
365,2595.762638970355
366,1777.5280404817247
367,1951.5322488426505
368,2518.719938208482
369,2434.02255141696
370,2746.4070208953835
371,1834.196723115023
372,2740.2560686695138
373,1818.1840576962857
374,1830.041413361674
375,2689.7730154130113
376,1919.193080626566
377,2430.947870260741
378,2440.151640082173
379,2689.7730154130113
380,2685.428223920227
381,2723.6513211746305
382,2691.19397990375
383,1833.5505925690081
384,2505.4333594292325
385,1830.041413361674
386,2557.7832746885633
387,2642.61749018628
388,2529.256195217868
389,2275.508169492578
390,2430.947870260741
391,2434.02255141696
392,2527.9980223059633
393,2549.3951091898916
394,1840.8726202916087
395,2094.791516870694
396,2027.4197625908616
397,1880.7294357386593
398,2745.7094703626594
399,2736.0276646910825
400,2660.4078609378294
401,2565.7438109599784
402,1830.8149322704169
403,1951.5322488426505
404,2430.947870260741
405,1834.196723115023
406,1841.4736052774226
407,1953.5845689284874
408,2651.157419556788
409,2549.3951091898916
410,2691.19397990375
411,1834.196723115023
412,2518.719938208482
413,1841.4736052774226
414,1841.4736052774226
415,1834.196723115023
416,2430.947870260741
417,2651.157419556788
418,2522.4242313705813
419,1530.26248654548
420,2588.429488043453
421,1841.4736052774226
422,1874.366763086919
423,2086.3243653153213
424,2651.157419556788
425,1829.3205545084631
426,1840.8726202916087
427,2691.19397990375
428,2498.3838536076846
429,2651.157419556788
430,1922.743182216158
431,2746.0074679788822
432,1530.26248654548
433,1834.196723115023
434,1731.806792349206
435,2168.645751975529
436,1860.906482600749
437,2730.8003026283327
438,1834.196723115023
439,1834.196723115023
440,1841.4736052774226
441,1840.8726202916087
442,1818.1840576962857
443,2518.719938208482
444,2168.645751975529
445,2690.468233545906
446,2645.0823546571464
447,2633.0189188095496
448,1818.1840576962857
449,2597.259194501373
450,1834.196723115023
451,1530.26248654548
452,1899.3539382732513
453,1834.196723115023
454,2684.974483395855
455,2230.9303427632694
456,2743.8245407088584
457,1839.617610673142
458,1840.8726202916087
459,2549.3951091898916
460,1841.4736052774226
461,1831.2886743974893
462,1951.5322488426505
463,2743.8245407088584
464,2193.296989756848
465,1951.5322488426505
466,2689.7730154130113
467,1818.1840576962857
468,2061.5201448526886
469,2740.4013112396565
470,2746.7167984489547
471,1838.1071033198505
472,1840.8726202916087
473,1834.196723115023
474,2600.5746092365657
475,2440.151640082173
476,2168.645751975529
477,2516.804715130549
478,1856.9830420315047
479,2745.7094703626594
480,2390.4414453414793
481,1834.196723115023
482,2434.02255141696
483,2430.947870260741
484,2281.9115966806703
485,2256.3402752824118
486,1977.2182995211551
487,1818.1840576962857
488,2614.6304437190192
489,2168.645751975529
490,1930.0492588301033
491,1838.7389319080712
492,1832.1009543009523
493,2275.508169492578
494,1781.845827647709
495,2077.9544635627317
496,1530.26248654548
497,1951.5322488426505
498,1951.5322488426505
499,1692.4878153602433
500,2499.143246924892
501,1818.1840576962857
502,1905.6867540391922
503,2707.790768117493
504,2695.0809416018383
505,1834.196723115023
506,2168.645751975529
507,2544.433066373879
508,1841.4736052774226
509,1704.0461873420504
510,2227.7695481026067
511,1530.26248654548
512,2390.4414453414793
513,2549.3951091898916
514,1840.8726202916087
515,2144.4353563684786
516,1841.4736052774226
517,1530.26248654548
518,2651.157419556788
519,1834.196723115023
520,2543.218893463692
521,1818.1840576962857
522,2691.19397990375
523,1951.5322488426505
524,1818.1840576962857
525,2608.0285242424693
526,2265.915054621123
527,1530.26248654548
528,1834.196723115023
529,2527.632778311886
530,2678.991505400449
531,2430.947870260741
532,2746.4623791647505
533,1530.26248654548
534,2527.9980223059633
535,1838.0156040017487
536,1838.1780627600929
537,1834.196723115023
538,1833.3374061783113
539,1832.916084748591
540,2434.02255141696
541,2342.8020927444395
542,1841.4736052774226
543,1530.26248654548
544,1828.3103062235664
545,1530.26248654548
546,2508.337989543499
547,1847.619103457682
548,2281.9115966806703
549,1834.196723115023
550,2430.947870260741
551,2746.4070208953835
552,1818.1840576962857
553,2745.7094703626594
554,2699.5069489829157
555,2651.157419556788
556,1530.26248654548
557,1839.2940744789803
558,2610.009537251275
559,2518.719938208482
560,2330.002373904365
561,1951.5322488426505
562,2430.947870260741
563,1951.5322488426505
564,1828.9708750183877
565,2651.157419556788
566,2168.645751975529
567,2168.645751975529
568,1951.5322488426505
569,2000.3262158756147
570,2168.645751975529
571,1834.196723115023
572,1951.5322488426505
573,1834.196723115023
574,1530.26248654548
575,2549.3951091898916
576,1883.3991503653326
577,2744.9477661453425
578,2549.3951091898916
579,2740.4013112396565
580,2430.947870260741
581,2745.7094703626594
582,2434.02255141696
583,1841.4736052774226
584,1846.8699023231225
585,1878.1309572547573
586,2741.754322229141
587,1818.1840576962857
588,1839.617610673142
589,2691.19397990375
590,2508.337989543499
591,1530.26248654548
592,1841.4736052774226
593,2259.5295607465214
594,1842.7241423474286
595,2552.4822121388693
596,2240.4349194824363
597,2421.685236054884
598,1838.3558009154958
599,1993.2369320104458
600,1951.5322488426505
601,1530.26248654548
602,1838.1071033198505
603,1818.1840576962857
604,1834.196723115023
605,1530.26248654548
606,1841.4736052774226
607,1841.4736052774226
608,1828.9708750183877
609,1818.1840576962857
610,1836.1227277861162
611,1869.5967627669
612,2168.645751975529
613,2508.337989543499
614,2549.3951091898916
615,2177.842418872858
616,1530.26248654548
617,1908.9586278975733
618,1741.1289110798616
619,1755.4278459995578
620,1684.4170414863993
621,1880.7294357386593
622,1839.653152393296
623,1880.7294357386593
624,2549.3951091898916
625,2168.645751975529
626,2549.3951091898916
627,1951.5322488426505
628,1818.1840576962857
629,1840.8726202916087
630,1839.617610673142
631,1874.366763086919
632,1818.1840576962857
633,1840.28771306398
634,1530.26248654548
635,2440.151640082173
636,1834.196723115023
637,1530.26248654548
638,1888.9522094896668
639,2473.3244220260685
640,1530.26248654548
641,1841.4736052774226
642,2281.9115966806703
643,2687.290433421209
644,2651.157419556788
645,1837.6387031984852
646,2745.7094703626594
647,2168.645751975529
648,2682.4655870520287
649,1880.7294357386593
650,1530.26248654548
651,2141.443823250799
652,2165.5937792236145
653,1915.7120763515488
654,2557.7832746885633
655,2689.7730154130113
656,2586.5659859254492
657,2434.02255141696
658,1856.0457511894692
659,1834.1046713239796
660,1818.1840576962857
661,1839.663388521148
662,2745.7094703626594
663,1700.265359339262
664,2499.0633518679806
665,2691.19397990375
666,2056.1361914343343
667,1840.8726202916087
668,2555.1393430115586
669,1959.8388985005615
670,2168.645751975529
671,2019.863669670663
672,1842.7241423474286
673,1838.5565472074798
674,2434.02255141696
675,2256.3402752824118
676,1530.26248654548
677,2032.52444994986
678,2651.157419556788
679,2691.19397990375
680,2736.693687948498
681,2430.947870260741
682,1832.3993691307076
683,1834.196723115023
684,2504.941931205617
685,1905.6867540391922
686,1856.9830420315047
687,2168.645751975529
688,1834.196723115023
689,1951.5322488426505
690,2651.157419556788
691,2518.719938208482
692,2430.947870260741
693,1818.1840576962857
694,1813.4535350167585
695,2651.157419556788
696,1882.0553886369369
697,2689.7730154130113
698,1841.4736052774226
699,2522.4242313705813
700,2645.0823546571464
701,1951.5322488426505
702,2518.719938208482
703,1905.6867540391922
704,1840.8726202916087
705,1951.5322488426505
706,1818.1840576962857
707,2434.02255141696
708,1834.196723115023
709,1549.750660346632
710,2549.3951091898916
711,1530.26248654548
712,1835.2339143532333
713,1840.8726202916087
714,2518.719938208482
715,1837.6732125897822
716,1834.196723115023
717,1818.1840576962857
718,2680.9650920324493
719,2434.02255141696
720,2568.2241555158434
721,2473.3244220260685
722,2728.2632940319872
723,2745.091299204662
724,1834.196723115023
725,1840.8726202916087
726,1850.7847122538008
727,2434.02255141696
728,2569.1402174888644
729,2581.2736632995516
730,2549.3951091898916
731,1841.4736052774226
732,1818.1840576962857
733,2720.9683527238262
734,1828.794599531769
735,1530.26248654548
736,1734.9778109314407
737,1850.7847122538008
738,1951.5322488426505
739,2689.7730154130113
740,2434.02255141696
741,2668.5310494063374
742,1824.2026543614538
743,2689.7730154130113
744,1951.5322488426505
745,1840.8726202916087
746,2549.3951091898916
747,1840.8726202916087
748,1833.3374061783113
749,2608.0285242424693
750,2430.947870260741
751,1935.707426096512
752,1840.8726202916087
753,1530.26248654548
754,1922.743182216158
755,2690.7511311097187
756,2554.1747971855248
757,2440.151640082173
758,1840.8726202916087
759,2514.353492228662
760,1755.4278459995578
761,2262.7212078404546
762,2168.645751975529
763,2680.9650920324493
764,1836.6360123437444
765,2690.468233545906
766,1834.196723115023
767,2527.9980223059633
768,1839.5400019502401
769,2430.947870260741
770,1530.26248654548
771,2168.645751975529
772,1530.26248654548
773,1834.1046713239796
774,2689.7730154130113
775,2415.479622794336
776,2504.941931205617
777,2565.6344458700733
778,1834.196723115023
779,1530.26248654548
780,2544.740453888804
781,2518.719938208482
782,2746.7167984489547
783,1841.4736052774226
784,2180.92105721496
785,1818.1840576962857
786,2424.779049232522
787,2567.437543765442
788,1834.196723115023
789,2503.5956694275915
790,2522.4242313705813
791,1882.0553886369369
792,1840.8726202916087
793,1834.196723115023
794,1834.196723115023
795,2297.93868931981
796,2744.9477661453425
797,2691.19397990375
798,2430.947870260741
799,2168.645751975529
800,1530.26248654548
801,2743.8245407088584
802,1839.617610673142
803,1829.5656983756498
804,2634.597129561401
805,2089.136116107394
806,2168.645751975529
807,1839.663388521148
808,1829.1227311946982
809,2434.02255141696
810,2168.645751975529
811,1840.8726202916087
812,1619.1548528637018
813,2549.3951091898916
814,2498.6673867501922
815,1908.9586278975733
816,2745.7094703626594
817,2682.3714040508626
818,2168.645751975529
819,1834.1046713239796
820,2657.091578525815
821,2168.645751975529
822,2746.4070208953835
823,1836.7393204000275
824,2702.040874671676
825,2168.645751975529
826,1832.3993691307076
827,1951.5322488426505
828,2168.645751975529
829,2168.645751975529
830,2699.5069489829157
831,2746.0074679788822
832,2689.7730154130113
833,1731.806792349206
834,1834.196723115023
835,2516.804715130549
836,1884.7607184615329
837,2736.693687948498
838,1840.8726202916087
839,1968.4025236638377
840,1530.26248654548
841,1834.196723115023
842,1818.1840576962857
843,2499.143246924892
844,1818.1840576962857
845,1818.1840576962857
846,2518.719938208482
847,1838.5565472074798
848,2721.6752981584827
849,1530.26248654548
850,1834.196723115023
851,2518.719938208482
852,1818.1840576962857
853,1834.196723115023
854,2050.800928312625
855,1818.1840576962857
856,2738.6831854934953
857,2555.1393430115586
858,2256.3402752824118
859,2430.947870260741
860,1834.196723115023
861,2636.729660889171
862,2123.6720118943795
863,2660.4078609378294
864,2509.7717543802432
865,1834.196723115023
866,1841.4736052774226
867,2168.645751975529
868,1841.4736052774226
869,2317.18263961794
870,2643.0210231700316
871,1868.4486319502116
872,1841.4736052774226
873,1684.4170414863993
874,1834.196723115023
875,2745.7094703626594
876,2430.947870260741
877,1915.7120763515488
878,1837.6732125897822
879,2168.645751975529
880,1842.7241423474286
881,2069.685263364924
882,1834.196723115023
883,1818.1840576962857
884,1838.1071033198505
885,2544.433066373879
886,2746.7167984489547
887,1805.184720518917
888,2513.978188141926
889,2168.645751975529
890,2557.7832746885633
891,1834.196723115023
892,2549.3951091898916
893,1530.26248654548
894,1783.9279786676423
895,1840.8726202916087
896,2600.8444838925725
897,1838.1071033198505
898,1829.2346415382294
899,2651.157419556788
900,2493.893743363576
901,2662.807635736155
902,2707.790768117493
903,1870.76262621733
904,1841.4736052774226
905,1840.8726202916087
906,2651.157419556788
907,1834.196723115023
908,2275.508169492578
909,1818.1840576962857
910,2399.868328319797
911,2496.7938816908036
912,2050.800928312625
913,2434.02255141696
914,2651.157419556788
915,1530.26248654548
916,2470.349499448837
917,2689.7730154130113
918,2168.645751975529
919,2720.9683527238262
920,2168.645751975529
921,2086.3243653153213
922,2458.3650342223127
923,1841.4736052774226
924,2529.256195217868
925,1841.4736052774226
926,1829.53707079725
927,2168.645751975529
928,1834.196723115023
929,2430.947870260741
930,1834.196723115023
931,1818.1840576962857
932,2168.645751975529
933,2168.645751975529
934,1839.6294623850645
935,1818.1840576962857
936,2527.632778311886
937,2518.719938208482
938,2746.6198210376424
939,2056.1361914343343
940,2430.947870260741
941,2168.645751975529
942,2588.429488043453
943,1818.1840576962857
944,2678.991505400449
945,2711.644808763511
946,1834.196723115023
947,2689.7730154130113
948,2246.7882036731953
949,2728.2632940319872
950,2726.4754134421187
951,1530.26248654548
952,2651.157419556788
953,2586.5659859254492
954,2434.02255141696
955,1818.1840576962857
956,1839.653152393296
957,1840.8726202916087
958,2434.02255141696
959,2693.993709165105
960,1845.4216979618773
961,1549.750660346632
962,1828.9440068003717
963,2678.991505400449
964,1951.5322488426505
965,2744.9477661453425
966,1842.7241423474286
967,1818.1840576962857
968,1826.7611864205167
969,2042.8913917140042
970,1818.1840576962857
971,2144.4353563684786
972,1951.5322488426505
973,2168.645751975529
974,2744.6483545977185
975,1840.8726202916087
976,2693.993709165105
977,1818.1840576962857
978,2458.3650342223127
979,1839.0072687905867
980,2745.7094703626594
981,1856.0457511894692
982,2430.947870260741
983,2745.7094703626594
984,2168.645751975529
985,1953.5845689284874
986,2702.3528807947214
987,2625.8930413959156
988,1839.050467506247
989,1755.4278459995578
990,2742.809622362322
991,2735.3655295887434
992,2434.02255141696
993,1530.26248654548
994,2434.02255141696
995,2625.8930413959156
996,2634.597129561401
997,2791.2429022006827
998,1818.1840576962857
999,1834.196723115023
1000,1828.776953030537
1001,1828.911750366716
1002,1530.26248654548
1003,2651.157419556788
1004,1842.7241423474286
1005,2171.704615919897
1006,2168.645751975529
1007,1818.1840576962857
1008,2434.02255141696
1009,1841.4736052774226
1010,2168.645751975529
1011,2745.7094703626594
1012,2745.7094703626594
1013,1834.196723115023
1014,2745.7094703626594
1015,1838.3558009154958
1016,2668.3771397188184
1017,2430.947870260741
1018,2434.02255141696
1019,1530.26248654548
1020,2256.3402752824118
1021,1834.7995738503366
1022,2421.685236054884
1023,2430.947870260741
1024,2692.0264164028877
1025,1818.1840576962857
1026,2168.645751975529
1027,1829.4286590168604
1028,1829.4286590168604
1029,1840.8726202916087
1030,1834.196723115023
1031,2265.915054621123
1032,1530.26248654548
1033,1818.1840576962857
1034,2651.157419556788
1035,2518.719938208482
1036,1829.8594751801124
1037,2745.091299204662
1038,1951.5322488426505
1039,1841.4736052774226
1040,1818.1840576962857
1041,1851.6186110125816
1042,2537.2954775164326
1043,2625.8930413959156
1044,2600.8444838925725
1045,1951.5322488426505
1046,1530.26248654548
1047,1775.2910304601487
1048,1818.1840576962857
1049,1765.8059933811633
1050,2729.9741051921287
1051,1880.7294357386593
1052,2518.719938208482
1053,2501.7810936916535
1054,2724.1026935603036
1055,2684.974483395855
1056,1829.53707079725
1057,2434.02255141696
1058,1818.1840576962857
1059,2473.3244220260685
1060,1818.1840576962857
1061,2430.947870260741
1062,1818.1840576962857
1063,2735.3412453401343
1064,1910.6208278719762
1065,1834.196723115023
1066,2519.0161073367553
1067,1861.9310944873782
1068,2743.8245407088584
1069,1530.26248654548
1070,2689.7730154130113
1071,2275.508169492578
1072,2355.571177154764
1073,2552.4822121388693
1074,2549.3951091898916
1075,2440.151640082173
1076,2583.8274354506434
1077,2168.645751975529
1078,2731.482468105853
1079,2503.08289905281
1080,1530.26248654548
1081,1834.196723115023
1082,2434.02255141696
1083,1530.26248654548
1084,1951.5322488426505
1085,1840.8726202916087
1086,1840.8726202916087
1087,1829.652783122788
1088,2625.8930413959156
1089,2651.157419556788
1090,2610.009537251275
1091,2671.7079538747516
1092,1853.337788695894
1093,2515.688748717722
1094,1608.4976698487071
1095,1818.1840576962857
1096,2072.43026421912
1097,2501.7810936916535
1098,2552.4822121388693
1099,1849.9678691101053
1100,1840.8726202916087
1101,2614.6304437190192
1102,1530.26248654548
1103,2262.7212078404546
1104,2715.311826958733
1105,1841.4736052774226
1106,2724.1026935603036
1107,1873.1476131942095
1108,1818.1840576962857
1109,1951.5322488426505
1110,2535.8577833157374
1111,1845.4216979618773
1112,2440.151640082173
1113,1828.794599531769
1114,1818.1840576962857
1115,2048.151851662273
1116,2745.7094703626594
1117,2434.02255141696
1118,2168.645751975529
1119,1856.9830420315047
1120,2736.693687948498
1121,2527.632778311886
1122,1834.196723115023
1123,2265.915054621123
1124,1838.1780627600929
1125,1818.1840576962857
1126,1818.1840576962857
1127,2634.597129561401
1128,1951.5322488426505
1129,2738.6831854934953
1130,2516.804715130549
1131,1530.26248654548
1132,1841.4736052774226
1133,2653.740167148678
1134,1818.1840576962857
1135,2430.947870260741
1136,2168.645751975529
1137,2040.2802388439045
1138,1834.1046713239796
1139,2689.7730154130113
1140,2746.774464228202
1141,1836.7393204000275
1142,1951.5322488426505
1143,2190.1941041935647
1144,1530.26248654548
1145,2434.02255141696
1146,2345.9976508989553
1147,1883.3991503653326
1148,2050.800928312625
1149,2720.6597121225627
1150,2168.645751975529
1151,2689.7730154130113
1152,2628.0949226523862
1153,1829.2158114055069
1154,1839.617610673142
1155,1937.6272236417917
1156,2657.066802682903
1157,1961.9558959406954
1158,2627.7118357721142
1159,2505.451795120462
1160,2516.804715130549
1161,1834.196723115023
1162,2651.157419556788
1163,1530.26248654548
1164,1834.1046713239796
1165,2728.2632940319872
1166,2007.5463833461479
1167,1834.196723115023
1168,1853.337788695894
1169,1821.3487768009306
1170,2168.645751975529
1171,2691.19397990375
1172,2731.482468105853
1173,1834.196723115023
1174,2746.7167984489547
1175,2658.7542447373535
1176,1829.1494811183343
1177,2516.804715130549
1178,1951.5322488426505
1179,2746.0074679788822
1180,2461.3735474372997
1181,2628.0949226523862
1182,1851.6186110125816
1183,2518.719938208482
1184,1838.7389319080712
1185,2636.729660889171
1186,2579.5202274590533
1187,1829.5656983756498
1188,1530.26248654548
1189,2177.842418872858
1190,2461.3735474372997
1191,1829.1227311946982
1192,2377.811395033558
1193,2168.645751975529
1194,2535.8577833157374
1195,2651.157419556788
1196,1834.8885881019714
1197,2651.157419556788
1198,2696.577125408535
1199,1805.184720518917
1200,1841.4736052774226
1201,1834.196723115023
1202,2691.19397990375
1203,2633.0189188095496
1204,2733.1033391888263
1205,2504.941931205617
1206,2518.719938208482
1207,1818.1840576962857
1208,1834.196723115023
1209,1951.5322488426505
1210,1840.8726202916087
1211,2380.9749331220683
1212,2744.6483545977185
1213,1876.85842753709
1214,2330.002373904365
1215,1856.0457511894692
1216,1818.1840576962857
1217,1832.5034202066324
1218,2745.7094703626594
1219,2691.19397990375
1220,1830.487314305362
1221,1714.966473071309
1222,1951.5322488426505
1223,2677.9268701193905
1224,1818.1840576962857
1225,1951.5322488426505
1226,1905.6867540391922
1227,1839.1657846886892
1228,2281.9115966806703
1229,1841.4736052774226
1230,2568.2241555158434
1231,2168.645751975529
1232,2651.157419556788
1233,1840.8726202916087
1234,1951.5322488426505
1235,2377.811395033558
1236,2620.5842450836576
1237,2745.7094703626594
1238,1839.663388521148
1239,1834.196723115023
1240,2651.157419556788
1241,1834.196723115023
1242,2171.704615919897
1243,1818.1840576962857
1244,2600.5746092365657
1245,2586.5659859254492
1246,1840.8726202916087
1247,2168.645751975529
1248,1951.5322488426505
1249,2430.947870260741
1250,2549.3951091898916
1251,1841.4736052774226
1252,2691.19397990375
1253,2019.863669670663
1254,1834.196723115023
1255,2227.7695481026067
1256,2281.9115966806703
1257,2544.433066373879
1258,1530.26248654548
1259,1838.1071033198505
1260,2473.3244220260685
1261,1924.5440365862
1262,1838.4836790620682
1263,1951.5322488426505
1264,1882.0553886369369
1265,2500.853076813523
1266,2496.7938816908036
1267,1880.7294357386593
1268,1530.26248654548
1269,2727.971257946224
1270,2745.7094703626594
1271,1530.26248654548
1272,1841.4736052774226
1273,2724.1026935603036
1274,1530.26248654548
1275,2557.7832746885633
1276,1841.4736052774226
1277,2549.3951091898916
1278,2612.3281425138184
1279,1828.9708750183877
1280,1818.1840576962857
1281,1951.5322488426505
1282,2281.9115966806703
1283,2549.3951091898916
1284,2168.645751975529
1285,1856.9830420315047
1286,2168.645751975529
1287,2227.7695481026067
1288,1818.1840576962857
1289,1838.8882709470295
1290,1833.8577720577914
1291,1530.26248654548
1292,1829.2158114055069
1293,2525.0562542820967
1294,2689.7730154130113
1295,2527.9980223059633
1296,2430.947870260741
1297,1841.4736052774226
1298,2689.7730154130113
1299,2567.437543765442
1300,1939.5637992636098
1301,1841.4736052774226
1302,2168.645751975529
1303,2645.0823546571464
1304,1829.3205545084631
1305,1849.9678691101053
1306,1838.1780627600929
1307,1951.5322488426505
1308,2168.645751975529
1309,2355.571177154764
1310,1828.794599531769
1311,2215.16758357412
1312,2651.157419556788
1313,1838.7389319080712
1314,2168.645751975529
1315,2262.7212078404546
1316,2032.52444994986
1317,2430.947870260741
1318,1818.1840576962857
1319,1840.8726202916087
1320,2552.4822121388693
1321,2549.3951091898916
1322,2520.306330172642
1323,2651.157419556788
1324,2607.6747539510193
1325,2745.7094703626594
1326,2745.7094703626594
1327,2586.5659859254492
1328,2048.151851662273
1329,2651.157419556788
1330,2050.800928312625
1331,1530.26248654548
1332,1853.337788695894
1333,1847.619103457682
1334,1841.4736052774226
1335,1834.196723115023
1336,2745.7094703626594
1337,2610.009537251275
1338,1818.1840576962857
1339,1818.1840576962857
1340,1530.26248654548
1341,2482.195780452072
1342,1957.7379637278264
1343,2549.3951091898916
1344,1834.196723115023
1345,1951.5322488426505
1346,1841.4736052774226
1347,1829.3205545084631
1348,1836.1227277861162
1349,1818.1840576962857
1350,2741.432963165977
1351,2692.0264164028877
1352,1834.1046713239796
1353,1951.5322488426505
1354,1951.5322488426505
1355,2691.19397990375
1356,1834.4892400961307
1357,2651.157419556788
1358,2531.656265054232
1359,2689.7730154130113
1360,1818.1840576962857
1361,2434.02255141696
1362,2691.19397990375
1363,2716.4811017088537
1364,2549.3951091898916
1365,1530.26248654548
1366,2297.93868931981
1367,1951.5322488426505
1368,2168.645751975529
1369,1840.8726202916087
1370,1831.2886743974893
1371,2689.7730154130113
1372,1951.5322488426505
1373,2745.7094703626594
1374,2291.5254961600176
1375,1530.26248654548
1376,2691.19397990375
1377,1834.196723115023
1378,2168.645751975529
1379,2342.8020927444395
1380,2342.8020927444395
1381,2168.645751975529
1382,1834.196723115023
1383,2651.157419556788
1384,2517.8811630397736
1385,2653.740167148678
1386,2620.5842450836576
1387,1867.318215848225
1388,1818.1840576962857
1389,2518.719938208482
1390,2745.7094703626594
1391,2691.19397990375
1392,2168.645751975529
1393,1574.370704975613
1394,2689.7730154130113
1395,2728.2632940319872
1396,2689.7730154130113
1397,1841.4736052774226
1398,1840.28771306398
1399,1834.196723115023
1400,2434.02255141696
1401,2689.7730154130113
1402,2698.0524865231773
1403,1834.196723115023
1404,1530.26248654548
1405,2507.213025395049
1406,2434.02255141696
1407,1791.7608031293869
1408,1834.196723115023
1409,2651.157419556788
1410,2549.3951091898916
1411,2628.0949226523862
1412,2569.1402174888644
1413,1755.4278459995578
1414,2159.511102343447
1415,2735.3655295887434
1416,2440.151640082173
1417,2430.947870260741
1418,1851.6186110125816
1419,1841.4736052774226
1420,1768.2592049448874
1421,2687.290433421209
1422,2493.893743363576
1423,2682.3714040508626
1424,1818.1840576962857
1425,2525.216917852967
1426,1951.5322488426505
1427,1818.1840576962857
1428,2227.7695481026067
1429,1841.4736052774226
1430,1834.196723115023
1431,1830.487314305362
1432,2673.772627336592
1433,2032.52444994986
1434,2651.157419556788
1435,1839.617610673142
1436,2724.611479757156
1437,2430.947870260741
1438,1834.196723115023
1439,1818.1840576962857
1440,2744.8073278542533
1441,1840.8726202916087
1442,1835.2339143532333
1443,2691.19397990375
1444,2746.692309118944
1445,2434.02255141696
1446,2519.0161073367553
1447,1831.0451182160705
1448,2168.645751975529
1449,2668.3771397188184
1450,2586.5659859254492
1451,1951.5322488426505
1452,1834.196723115023
1453,2634.778899171606
1454,2187.097051838191
1455,2707.790768117493
1456,2430.947870260741
1457,1768.2592049448874
1458,1951.5322488426505
1459,2549.3951091898916
1460,1840.8726202916087
1461,2744.6483545977185
1462,1841.4736052774226
1463,1830.3327186944282
1464,2745.7094703626594
1465,2153.4577694358077
1466,1530.26248654548
1467,1834.196723115023
1468,2434.02255141696
1469,2434.02255141696
1470,2458.3650342223127
1471,2168.645751975529
1472,2699.5069489829157
1473,1840.8726202916087
1474,1530.26248654548
1475,1831.667267847239
1476,2744.326171988057
1477,2745.7094703626594
1478,1530.26248654548
1479,1839.4733635393268
1480,1818.1840576962857
1481,1818.1840576962857
1482,1711.3959515208637
1483,2745.7094703626594
1484,2691.19397990375
1485,1530.26248654548
1486,2144.4353563684786
1487,1830.041413361674
1488,2610.009537251275
1489,2430.947870260741
1490,2168.645751975529
1491,1829.3205545084631
1492,1961.9558959406954
1493,1840.8726202916087
1494,2430.947870260741
1495,2651.157419556788
1496,1968.4025236638377
1497,1818.1840576962857
1498,2740.2560686695138
1499,1834.196723115023
1500,1831.8164558972808
1501,2040.2802388439045
1502,2651.157419556788
1503,1836.7393204000275
1504,1775.2910304601487
1505,1781.845827647709
1506,2745.7094703626594
1507,2150.4424743715817
1508,2714.106360277146
1509,2746.0074679788822
1510,2434.02255141696
1511,2651.157419556788
1512,1834.196723115023
1513,2549.3951091898916
1514,2517.8811630397736
1515,2072.43026421912
1516,1530.26248654548
1517,2165.5937792236145
1518,1840.8726202916087
1519,1818.1840576962857
1520,2717.504378085983
1521,2027.4197625908616
1522,1841.4736052774226
1523,2434.02255141696
1524,2430.947870260741
1525,1837.0601708843428
1526,1840.8726202916087
1527,2430.947870260741
1528,1530.26248654548
1529,1841.4736052774226
1530,1951.5322488426505
1531,2502.5638446396524
1532,1838.8882709470295
1533,2614.6304437190192
1534,1951.5322488426505
1535,2502.5638446396524
1536,1873.1476131942095
1537,2406.128697115388
1538,2430.947870260741
1539,1840.8726202916087
1540,2745.7094703626594
1541,1841.4736052774226
1542,1818.1840576962857
1543,2707.790768117493
1544,2745.091299204662
1545,1845.4216979618773
1546,1829.8594751801124
1547,2199.5196469916255
1548,1818.1840576962857
1549,2728.2632940319872
1550,2691.19397990375
1551,2602.9571617312045
1552,2707.790768117493
1553,1951.5322488426505
1554,1951.5322488426505
1555,2168.645751975529
1556,2693.5640123957523
1557,1869.5967627669
1558,2698.0847684326277
1559,2168.645751975529
1560,2543.218893463692
1561,1734.9778109314407
1562,2048.151851662273
1563,1840.8726202916087
1564,1824.2026543614538
1565,2560.7206008629005
1566,2430.947870260741
1567,1818.1840576962857
1568,1840.8726202916087
1569,1768.2592049448874
1570,2281.9115966806703
1571,1882.0553886369369
1572,1951.5322488426505
1573,1951.5322488426505
1574,2640.027372641893
1575,1783.9279786676423
1576,2572.5706746247333
1577,2168.645751975529
1578,2434.02255141696
1579,1818.1840576962857
1580,1840.8726202916087
1581,1831.905595162762
1582,2740.4013112396565
1583,2557.7832746885633
1584,1910.6208278719762
1585,1841.4736052774226
1586,1951.5322488426505
1587,1841.4736052774226
1588,2168.645751975529
1589,2187.097051838191
1590,1818.1840576962857
1591,2019.863669670663
1592,1840.8726202916087
1593,1834.196723115023
1594,2518.719938208482
1595,2741.754322229141
1596,2691.19397990375
1597,1818.1840576962857
1598,1957.7379637278264
1599,1931.918389480866
1600,1834.196723115023
1601,2746.4070208953835
1602,2549.3951091898916
1603,1878.1309572547573
1604,1768.2592049448874
1605,1725.270016596446
1606,2645.0823546571464
1607,2168.645751975529
1608,1951.5322488426505
1609,2716.4811017088537
1610,1951.5322488426505
1611,1818.1840576962857
1612,1853.337788695894
1613,2743.060939530801
1614,1829.1227311946982
1615,2522.4242313705813
1616,1904.0771417366593
1617,1530.26248654548
1618,2430.947870260741
1619,1840.8726202916087
1620,2168.645751975529
1621,2168.645751975529
1622,2336.4053986179624
1623,2651.157419556788
1624,1818.1840576962857
1625,2434.02255141696
1626,2421.685236054884
1627,1838.5565472074798
1628,2265.915054621123
1629,2743.060939530801
1630,2430.947870260741
1631,1834.196723115023
1632,2430.947870260741
1633,1530.26248654548
1634,2504.941931205617
1635,1834.196723115023
1636,2424.779049232522
1637,1836.1227277861162
1638,2651.157419556788
1639,1841.4736052774226
1640,1951.5322488426505
1641,1530.26248654548
1642,1834.196723115023
1643,2430.947870260741
1644,1840.8726202916087
1645,1818.1840576962857
1646,2651.157419556788
1647,2745.7094703626594
1648,2168.645751975529
1649,1834.196723115023
1650,1829.3205545084631
1651,2440.151640082173
1652,1828.8262167054993
1653,2739.1518541313817
1654,1834.196723115023
1655,1834.196723115023
1656,2518.719938208482
1657,2693.5640123957523
1658,2743.8245407088584
1659,1839.1657846886892
1660,1951.5322488426505
1661,2527.632778311886
1662,1833.5505925690081
1663,2144.4353563684786
1664,2430.947870260741
1665,2549.3951091898916
1666,1530.26248654548
1667,2692.0264164028877
1668,2476.290548690151
1669,2531.656265054232
1670,1549.750660346632
1671,2552.4822121388693
1672,2740.776646487595
1673,2691.19397990375
1674,1951.5322488426505
1675,1834.196723115023
1676,2689.7730154130113
1677,2230.9303427632694
1678,1818.1840576962857
1679,1839.6451973666246
1680,1951.5322488426505
1681,2547.128928963562
1682,1834.196723115023
1683,1818.1840576962857
1684,1839.617610673142
1685,1833.3374061783113
1686,2434.02255141696
1687,2527.632778311886
1688,2168.645751975529
1689,2440.151640082173
1690,1833.3794046806506
1691,1874.366763086919
1692,2651.157419556788
1693,1662.9142866844622
1694,1834.196723115023
1695,1841.4736052774226
1696,1836.7393204000275
1697,1876.85842753709
1698,1904.0771417366593
1699,1847.619103457682
1700,1841.4736052774226
1701,2434.02255141696
1702,2651.157419556788
1703,1928.1971230753365
1704,2507.213025395049
1705,1530.26248654548
1706,1840.8726202916087
1707,1805.184720518917
1708,1818.1840576962857
1709,1818.1840576962857
1710,2651.157419556788
1711,2670.1249206561474
1712,2745.7094703626594
1713,1586.1127961116374
1714,2620.5842450836576
1715,1830.487314305362
1716,1818.1840576962857
1717,1845.4216979618773
1718,1818.1840576962857
1719,2691.19397990375
1720,1530.26248654548
1721,2717.504378085983
1722,2168.645751975529
1723,1897.814831615307
1724,1951.5322488426505
1725,1840.8726202916087
1726,2689.7730154130113
1727,1818.1840576962857
1728,2168.645751975529
1729,1818.1840576962857
1730,2430.947870260741
1731,2518.719938208482
1732,1530.26248654548
1733,2689.7730154130113
1734,1818.1840576962857
1735,1818.1840576962857
1736,2168.645751975529
1737,1530.26248654548
1738,1530.26248654548
1739,1810.8585532626898
1740,1833.0384674824288
1741,2168.645751975529
1742,1834.196723115023
1743,1530.26248654548
1744,1841.4736052774226
1745,1857.937722101761
1746,1818.1840576962857
1747,2330.002373904365
1748,1818.1840576962857
1749,2430.947870260741
1750,1856.0457511894692
1751,1953.5845689284874
1752,1833.3492864555628
1753,1841.4736052774226
1754,2633.0189188095496
1755,2069.685263364924
1756,1829.2346415382294
1757,2527.632778311886
1758,1841.4736052774226
1759,1841.4736052774226
1760,1904.0771417366593
1761,2638.2834304745143
1762,2583.8274354506434
1763,2430.947870260741
1764,1789.8756187015224
1765,1818.1840576962857
1766,2625.8930413959156
1767,2434.02255141696
1768,1831.1595298973402
1769,2507.213025395049
1770,2153.4577694358077
1771,2040.2802388439045
1772,2237.2631876050673
1773,1841.4736052774226
1774,2560.7206008629005
1775,2496.7938816908036
1776,1834.196723115023
1777,2691.19397990375
1778,2691.19397990375
1779,2535.8577833157374
1780,1829.3277745887947
1781,1834.196723115023
1782,1530.26248654548
1783,2651.157419556788
1784,2503.5956694275915
1785,1840.8726202916087
1786,1945.4736083306593
1787,1731.806792349206
1788,1530.26248654548
1789,1951.5322488426505
1790,2516.804715130549
1791,1834.1046713239796
1792,1818.1840576962857
1793,1840.8726202916087
1794,1839.2940744789803
1795,1838.7389319080712
1796,2651.157419556788
1797,1833.0384674824288
1798,2168.645751975529
1799,2434.02255141696
1800,2069.685263364924
1801,1878.1309572547573
1802,2689.7730154130113
1803,2691.19397990375
1804,1839.1657846886892
1805,2109.109953351225
1806,2168.645751975529
1807,2716.4811017088537
1808,1908.9586278975733
1809,1839.5400019502401
1810,1930.0492588301033
1811,2123.6720118943795
1812,1834.196723115023
1813,2735.3655295887434
1814,1951.5322488426505
1815,2715.311826958733
1816,2533.524885664048
1817,2516.7718584223535
1818,2651.157419556788
1819,1834.196723115023
1820,2544.433066373879
1821,1834.196723115023
1822,1840.8726202916087
1823,2544.433066373879
1824,1840.8726202916087
1825,1530.26248654548
1826,2677.9268701193905
1827,1841.4736052774226
1828,2525.0562542820967
1829,1951.5322488426505
1830,1692.4878153602433
1831,2504.251615472476
1832,2680.6914505027607
1833,2745.7094703626594
1834,1818.1840576962857
1835,2709.0969268140075
1836,2739.278631630161
1837,2691.19397990375
1838,2744.8073278542533
1839,1977.2182995211551
1840,1837.6012463823915
1841,1937.6272236417917
1842,2707.096967278878
1843,2651.157419556788
1844,1828.817987227788
1845,1828.8262167054993
1846,1634.4915274552664
1847,2272.3086980737176
1848,1870.76262621733
1849,1840.8726202916087
1850,2689.7730154130113
1851,1893.3036981302089
1852,2555.793638337962
1853,1922.743182216158
1854,1839.653152393296
1855,1834.196723115023
1856,1828.776953030537
1857,2168.645751975529
1858,1834.196723115023
1859,1840.8726202916087
1860,2168.645751975529
1861,2691.19397990375
1862,2168.645751975529
1863,2641.7653650437783
1864,1530.26248654548
1865,2698.0847684326277
1866,1841.4736052774226
1867,2168.645751975529
1868,1841.4736052774226
1869,2168.645751975529
1870,2651.157419556788
1871,2682.3714040508626
1872,2634.597129561401
1873,1818.1840576962857
1874,1818.1840576962857
1875,2168.645751975529
1876,1951.5322488426505
1877,1841.4736052774226
1878,1834.196723115023
1879,1834.7995738503366
1880,2549.3951091898916
1881,2430.947870260741
1882,1530.26248654548
1883,2168.645751975529
1884,2549.3951091898916
1885,1530.26248654548
1886,1953.5845689284874
1887,2503.08289905281
1888,1919.193080626566
1889,1839.1657846886892
1890,1530.26248654548
1891,1818.1840576962857
1892,2680.6914505027607
1893,2177.842418872858
1894,1964.0888826614591
1895,2742.809622362322
1896,2549.3951091898916
1897,2387.2901239122193
1898,1841.4736052774226
1899,1530.26248654548
1900,2514.353492228662
1901,2168.645751975529
1902,2499.0633518679806
1903,2502.5638446396524
1904,1840.8726202916087
1905,2745.7094703626594
1906,1549.750660346632
1907,2745.7094703626594
1908,2543.218893463692
1909,2430.947870260741
1910,1834.196723115023
1911,1834.196723115023
1912,2691.19397990375
1913,2720.6597121225627
1914,2069.685263364924
1915,1908.9586278975733
1916,2543.218893463692
1917,2620.5842450836576
1918,1829.652783122788
1919,2739.278631630161
1920,2614.6304437190192
1921,2745.7094703626594
1922,1530.26248654548
1923,1834.196723115023
1924,1841.4736052774226
1925,1838.3558009154958
1926,1818.1840576962857
1927,1840.8726202916087
1928,2168.645751975529
1929,2717.635775126076
1930,1829.7064272309058
1931,2689.7730154130113
1932,2691.19397990375
1933,2745.7094703626594
1934,2579.5202274590533
1935,1530.26248654548
1936,2449.292151919249
1937,2687.290433421209
1938,1834.196723115023
1939,2153.4577694358077
1940,2168.645751975529
1941,2745.7094703626594
1942,1834.196723115023
1943,1829.2346415382294
1944,2728.882658217115
1945,1943.4870516873439
1946,2430.947870260741
1947,1884.7607184615329
1948,1850.7847122538008
1949,2508.337989543499
1950,1840.8726202916087
1951,2740.2560686695138
1952,2602.9571617312045
1953,2735.3412453401343
1954,1834.196723115023
1955,2168.645751975529
1956,1865.110446541471
1957,1818.1840576962857
1958,2434.02255141696
1959,1828.3103062235664
1960,2689.7730154130113
1961,1840.8726202916087
1962,2745.7094703626594
1963,1951.5322488426505
1964,1818.1840576962857
1965,1845.4216979618773
1966,2168.645751975529
1967,2434.02255141696
1968,2740.776646487595
1969,1951.5322488426505
1970,1951.5322488426505
1971,1834.196723115023
1972,2583.8274354506434
1973,1818.1840576962857
1974,2740.2560686695138
1975,2707.790768117493
1976,1530.26248654548
1977,2518.719938208482
1978,2434.02255141696
1979,1768.2592049448874
1980,1841.4736052774226
1981,2168.645751975529
1982,1818.1840576962857
1983,1830.3327186944282
1984,2415.479622794336
1985,2709.0969268140075
1986,1818.1840576962857
1987,1834.196723115023
1988,1840.8726202916087
1989,2527.632778311886
1990,2517.8811630397736
1991,2430.947870260741
1992,1841.4736052774226
1993,1951.5322488426505
1994,2666.539842750286
1995,1530.26248654548
1996,2707.096967278878
1997,1834.196723115023
1998,1834.196723115023
1999,1833.0384674824288
2000,1530.26248654548
2001,2499.0633518679806
2002,1830.3940978626224
2003,2212.0281839100307
2004,1530.26248654548
2005,1818.1840576962857
2006,2168.645751975529
2007,2227.7695481026067
2008,1818.1840576962857
2009,2518.719938208482
2010,1841.4736052774226
2011,1834.196723115023
2012,1839.653152393296
2013,1878.1309572547573
2014,1840.8726202916087
2015,2525.216917852967
2016,2165.5937792236145
2017,1951.5322488426505
2018,2297.93868931981
2019,2560.413863962619
2020,2689.7730154130113
2021,2470.349499448837
2022,2032.52444994986
2023,1951.5322488426505
2024,2430.947870260741
2025,2597.259194501373
2026,2591.107796026722
2027,2496.7938816908036
2028,1841.4736052774226
2029,1834.196723115023
2030,2631.2542062487155
2031,2671.9936286517323
2032,2690.468233545906
2033,1883.3991503653326
2034,2741.432963165977
2035,1530.26248654548
2036,2516.7718584223535
2037,1833.5505925690081
2038,1904.0771417366593
2039,1837.3099213620394
2040,1834.196723115023
2041,1840.8726202916087
2042,2721.6752981584827
2043,2513.0262839495317
2044,2707.096967278878
2045,2168.645751975529
2046,1530.26248654548
2047,1840.8726202916087
2048,2377.811395033558
2049,1530.26248654548
2050,1833.5505925690081
2051,1894.7896924430559
2052,2430.947870260741
2053,1831.8164558972808
2054,2493.893743363576
2055,2651.157419556788
2056,1530.26248654548
2057,1834.196723115023
2058,1818.1840576962857
2059,1888.9522094896668
2060,2651.157419556788
2061,2744.326171988057
2062,1837.4940011599283
2063,2745.7094703626594
2064,2651.157419556788
2065,1834.196723115023
2066,1818.1840576962857
2067,1951.5322488426505
2068,1841.4736052774226
2069,2434.02255141696
2070,2651.157419556788
2071,1821.3487768009306
2072,1696.4128365455074
2073,2720.9683527238262
2074,2555.1393430115586
2075,1818.1840576962857
2076,1838.7389319080712
2077,2689.7730154130113
2078,1841.4736052774226
2079,2249.969435550339
2080,2651.157419556788
2081,2434.02255141696
2082,2430.947870260741
2083,1834.196723115023
2084,2531.2554385398143
2085,1530.26248654548
2086,2744.8073278542533
2087,1777.5280404817247
2088,2470.349499448837
2089,1530.26248654548
2090,2434.02255141696
2091,1818.1840576962857
2092,1530.26248654548
2093,2430.947870260741
2094,2651.157419556788
2095,1834.196723115023
2096,2508.0347682499973
2097,1818.1840576962857
2098,2496.7938816908036
2099,1692.4878153602433
2100,1834.196723115023
2101,1834.196723115023
2102,2168.645751975529
2103,2740.776646487595
2104,2651.157419556788
2105,2168.645751975529
2106,1839.1657846886892
2107,2069.685263364924
2108,1841.4736052774226
2109,2458.3650342223127
2110,2738.6831854934953
2111,2434.02255141696
2112,2630.2796433254534
2113,2689.7730154130113
2114,2668.3771397188184
2115,1818.1840576962857
2116,2190.1941041935647
2117,1530.26248654548
2118,1951.5322488426505
2119,1951.5322488426505
2120,1828.892894338922
2121,1876.85842753709
2122,1840.8726202916087
2123,2168.645751975529
2124,2430.947870260741
2125,1951.5322488426505
2126,1841.4736052774226
2127,1530.26248654548
2128,2077.9544635627317
2129,2733.9076298960013
2130,1834.196723115023
2131,1840.8726202916087
2132,2061.5201448526886
2133,2434.02255141696
2134,1833.3374061783113
2135,2745.7094703626594
2136,1859.899405901529
2137,2434.02255141696
2138,1834.8885881019714
2139,1828.799443355873
2140,1530.26248654548
2141,1884.7607184615329
2142,1840.8726202916087
2143,1530.26248654548
2144,2728.882658217115
2145,1841.4736052774226
2146,1840.8726202916087
2147,1951.5322488426505
2148,1834.196723115023
2149,2430.947870260741
2150,1951.5322488426505
2151,2430.947870260741
2152,2482.195780452072
2153,1841.4736052774226
2154,2651.157419556788
2155,1841.4736052774226
2156,1841.4736052774226
2157,1834.196723115023
2158,2549.3951091898916
2159,2430.947870260741
2160,1904.0771417366593
2161,1839.1657846886892
2162,2691.19397990375
2163,2651.157419556788
2164,2660.9129259111874
2165,2744.9477661453425
2166,2168.645751975529
2167,1834.196723115023
2168,1842.7241423474286
2169,1818.1840576962857
2170,2527.9980223059633
2171,1834.196723115023
2172,1530.26248654548
2173,2498.8809276849183
2174,1838.5565472074798
2175,2745.7094703626594
2176,1951.5322488426505
2177,2159.511102343447
2178,1841.4736052774226
2179,1834.196723115023
2180,1951.5322488426505
2181,2526.3335872535663
2182,1951.5322488426505
2183,2711.892590060524
2184,2746.7167984489547
2185,1868.4486319502116
2186,2473.3244220260685
2187,2473.3244220260685
2188,1818.1840576962857
2189,2112.0034186866906
2190,2689.7730154130113
2191,1829.1494811183343
2192,2651.157419556788
2193,2554.1747971855248
2194,2740.4013112396565
2195,1818.1840576962857
2196,2440.151640082173
2197,2707.790768117493
2198,1840.8726202916087
2199,1953.5845689284874
2200,2434.02255141696
2201,1888.9522094896668
2202,1838.8882709470295
2203,1951.5322488426505
2204,1841.4736052774226
2205,1840.8726202916087
2206,2720.6597121225627
2207,2583.465473275138
2208,1793.5984173159095
2209,1832.916084748591
2210,1530.26248654548
2211,1530.26248654548
2212,1530.26248654548
2213,2660.4078609378294
2214,2168.645751975529
2215,1841.4736052774226
2216,1530.26248654548
2217,1530.26248654548
2218,2168.645751975529
2219,2544.740453888804
2220,1840.8726202916087
2221,2736.760602881481
2222,2193.296989756848
2223,2715.311826958733
2224,2430.947870260741
2225,2153.4577694358077
2226,2736.0276646910825
2227,2634.778899171606
2228,1838.5565472074798
2229,2722.035224903019
2230,2518.719938208482
2231,1818.1840576962857
2232,2745.7094703626594
2233,2168.645751975529
2234,2651.157419556788
2235,1839.1657846886892
2236,1821.3487768009306
2237,2552.4822121388693
2238,2678.991505400449
2239,2651.157419556788
2240,2434.02255141696
2241,2673.772627336592
2242,2636.729660889171
2243,1840.8726202916087
2244,2687.290433421209
2245,1945.4736083306593
2246,2500.853076813523
2247,2651.157419556788
2248,2430.947870260741
2249,2612.3281425138184
2250,2685.6709824601367
2251,2262.7212078404546
2252,1755.4278459995578
2253,1835.9142631583904
2254,2434.02255141696
2255,1837.3099213620394
2256,2742.646822634441
2257,1840.8726202916087
2258,1834.196723115023
2259,1818.1840576962857
2260,2281.9115966806703
2261,2634.597129561401
2262,2691.19397990375
2263,2704.600776243787
2264,2517.8811630397736
2265,2168.645751975529
2266,1530.26248654548
2267,1832.916084748591
2268,2691.19397990375
2269,1530.26248654548
2270,2168.645751975529
2271,2691.19397990375
2272,2651.157419556788
2273,2094.791516870694
2274,1841.4736052774226
2275,2741.432963165977
2276,2745.7094703626594
2277,1838.7389319080712
2278,2330.002373904365
2279,2358.75741623786
2280,1530.26248654548
2281,2668.3771397188184
2282,1951.5322488426505
2283,1530.26248654548
2284,2691.19397990375
2285,1530.26248654548
2286,1530.26248654548
2287,1831.339773412807
2288,1829.9051882115266
2289,1828.776953030537
2290,2549.3951091898916
2291,2168.645751975529
2292,2552.4822121388693
2293,2735.3655295887434
2294,1530.26248654548
2295,2434.02255141696
2296,2434.02255141696
2297,1837.4940011599283
2298,2736.693687948498
2299,1530.26248654548
2300,2745.7094703626594
2301,1904.0771417366593
2302,2745.7094703626594
2303,2507.213025395049
2304,1834.196723115023
2305,2434.02255141696
2306,2531.2554385398143
2307,1834.196723115023
2308,1951.5322488426505
2309,2430.947870260741
2310,2573.361710011023
2311,2746.0074679788822
2312,2117.8190436836103
2313,1841.4736052774226
2314,1832.3993691307076
2315,2342.8020927444395
2316,2724.1026935603036
2317,2430.947870260741
2318,2430.947870260741
2319,1818.1840576962857
2320,1840.8726202916087
2321,2671.9936286517323
2322,2168.645751975529
2323,2567.437543765442
2324,1830.8149322704169
2325,1818.1840576962857
2326,1530.26248654548
2327,1530.26248654548
2328,2668.3771397188184
2329,2509.7717543802432
2330,1828.794599531769
2331,1834.196723115023
2332,2285.1152257166964
2333,2430.947870260741
2334,2549.3951091898916
2335,2730.6382988150826
2336,2745.7094703626594
2337,2569.1402174888644
2338,1839.663388521148
2339,2651.157419556788
2340,2745.7094703626594
2341,1829.53707079725
2342,2434.02255141696
2343,2168.645751975529
2344,1834.196723115023
2345,2507.213025395049
2346,2323.5943456240466
2347,2557.7832746885633
2348,1530.26248654548
2349,1530.26248654548
2350,1951.5322488426505
2351,2737.42415387134
2352,2498.28711633066
2353,1530.26248654548
2354,1530.26248654548
2355,2680.9650920324493
2356,2430.947870260741
2357,1662.9142866844622
2358,1842.7241423474286
2359,2168.645751975529
2360,2612.3281425138184
2361,1951.5322488426505
2362,1840.8726202916087
2363,1834.196723115023
2364,1530.26248654548
2365,2730.8003026283327
2366,1829.5656983756498
2367,2434.02255141696
2368,1838.6260959325116
2369,2275.508169492578
2370,2549.3951091898916
2371,1834.196723115023
2372,1839.1657846886892
2373,1818.1840576962857
2374,2461.3735474372997
2375,2434.02255141696
2376,2625.9348111851978
2377,2745.7094703626594
2378,1530.26248654548
2379,1818.1840576962857
2380,1818.1840576962857
2381,1873.1476131942095
2382,1897.814831615307
2383,1839.6451973666246
2384,2745.7094703626594
2385,1818.1840576962857
2386,2518.719938208482
2387,2600.5746092365657
2388,2518.719938208482
2389,2549.3951091898916
2390,1840.8726202916087
2391,2434.02255141696
2392,1951.5322488426505
2393,1530.26248654548
2394,2651.157419556788
2395,1995.58532573005
2396,1846.8699023231225
2397,2126.61215345027
2398,1834.196723115023
2399,2695.0809416018383
2400,2735.3655295887434
2401,2501.8401989510844
2402,1789.8756187015224
2403,2511.761905255332
2404,1818.1840576962857
2405,2689.7730154130113
2406,2007.5463833461479
2407,1840.8726202916087
2408,2746.181305645905
2409,2737.3392151033386
2410,1731.806792349206
2411,2741.432963165977
2412,2544.433066373879
2413,1841.4736052774226
2414,1951.5322488426505
2415,1834.196723115023
2416,1904.0771417366593
2417,2715.311826958733
2418,2651.157419556788
2419,2691.19397990375
2420,1834.1046713239796
2421,2168.645751975529
2422,2691.19397990375
2423,1818.1840576962857
2424,2544.740453888804
2425,1530.26248654548
2426,2691.19397990375
2427,2691.19397990375
2428,1530.26248654548
2429,1834.196723115023
2430,2645.0823546571464
2431,1833.3374061783113
2432,1818.1840576962857
2433,1671.746800160577
2434,1530.26248654548
2435,2434.02255141696
2436,2555.1393430115586
2437,1840.8726202916087
2438,1818.1840576962857
2439,2741.432963165977
2440,1839.4658583712728
2441,1834.196723115023
2442,1951.5322488426505
2443,2651.157419556788
2444,2525.0562542820967
2445,2745.7094703626594
2446,2717.504378085983
2447,1951.5322488426505
2448,2689.7730154130113
2449,1818.1840576962857
2450,1530.26248654548
2451,1530.26248654548
2452,1841.4736052774226
2453,1826.7611864205167
2454,1755.4278459995578
2455,1841.4736052774226
2456,2434.02255141696
2457,2490.9837077958146
2458,1839.1657846886892
2459,1530.26248654548
2460,2007.5463833461479
2461,1828.794599531769
2462,1834.196723115023
2463,1818.1840576962857
2464,2651.157419556788
2465,2517.8811630397736
2466,1832.916084748591
2467,2733.1033391888263
2468,1832.916084748591
2469,2555.1393430115586
2470,2434.02255141696
2471,1818.1840576962857
2472,1834.196723115023
2473,1870.76262621733
2474,2458.3650342223127
2475,2638.8445631830796
2476,2027.4197625908616
2477,2717.635775126076
2478,2518.719938208482
2479,1818.1840576962857
2480,2168.645751975529
2481,1839.663388521148
2482,1834.196723115023
2483,1828.9708750183877
2484,1834.196723115023
2485,1961.9558959406954
2486,1841.4736052774226
2487,1841.4736052774226
2488,2651.157419556788
2489,1836.1227277861162
2490,2746.692309118944
2491,2019.863669670663
2492,2677.9268701193905
2493,2691.19397990375
2494,2745.7094703626594
2495,1839.5400019502401
2496,2537.6865372034363
2497,1834.196723115023
2498,2501.8401989510844
2499,1818.1840576962857
2500,1834.196723115023
2501,1817.0573523523476
2502,1834.196723115023
2503,1834.196723115023
2504,2473.3244220260685
2505,2691.19397990375
2506,2691.19397990375
2507,1530.26248654548
2508,2707.096967278878
2509,1834.196723115023
2510,2352.382359179753
2511,2745.7094703626594
2512,2651.157419556788
2513,1840.8726202916087
2514,1840.8726202916087
2515,2689.7730154130113
2516,1853.337788695894
2517,1818.1840576962857
2518,1530.26248654548
2519,1874.366763086919
2520,2651.157419556788
2521,2735.3412453401343
2522,1530.26248654548
2523,2434.02255141696
2524,1813.4535350167585
2525,1835.9142631583904
2526,2745.7094703626594
2527,1841.4736052774226
2528,2526.3335872535663
2529,2728.2632940319872
2530,1841.4736052774226
2531,2514.353492228662
2532,1834.196723115023
2533,2168.645751975529
2534,1841.4736052774226
2535,2518.719938208482
2536,1834.196723115023
2537,2503.5956694275915
2538,2707.790768117493
2539,2651.157419556788
2540,2516.7718584223535
2541,1838.7389319080712
2542,2677.271658791201
2543,1910.6208278719762
2544,1839.2191596943057
2545,1834.8885881019714
2546,2549.3951091898916
2547,1841.4736052774226
2548,2230.9303427632694
2549,2275.508169492578
2550,2499.0633518679806
2551,2215.16758357412
2552,2430.947870260741
2553,1841.4736052774226
2554,2625.9348111851978
2555,2527.632778311886
2556,2002.7185235491243
2557,1818.1840576962857
2558,1834.196723115023
2559,2171.704615919897
2560,1951.5322488426505
2561,1838.0156040017487
2562,1818.1840576962857
2563,1841.4736052774226
2564,2651.157419556788
2565,1818.1840576962857
2566,2651.157419556788
2567,2741.432963165977
2568,2066.9518277516995
2569,2430.947870260741
2570,1853.337788695894
2571,2518.719938208482
2572,2168.645751975529
2573,2638.8445631830796
2574,2586.5659859254492
2575,2526.3335872535663
2576,1957.7379637278264
2577,2507.213025395049
2578,2696.577125408535
2579,2352.382359179753
2580,1834.196723115023
2581,1530.26248654548
2582,1828.911750366716
2583,2342.8020927444395
2584,1818.1840576962857
2585,1822.333835657587
2586,2498.8809276849183
2587,1953.5845689284874
2588,1530.26248654548
2589,1741.1289110798616
2590,2745.7094703626594
2591,1530.26248654548
2592,2007.5463833461479
2593,2549.3951091898916
2594,2745.7094703626594
2595,1838.5565472074798
2596,2691.19397990375
2597,1834.196723115023
2598,1530.26248654548
2599,1832.101676829401
2600,1842.7241423474286
2601,1919.193080626566
2602,2746.7167984489547
2603,2730.8003026283327
2604,2168.645751975529
2605,2168.645751975529
2606,2159.511102343447
2607,2625.9348111851978
2608,1828.794599531769
2609,1818.1840576962857
2610,2307.5610813911026
2611,1530.26248654548
2612,1834.196723115023
2613,2549.3951091898916
2614,2673.772627336592
2615,1818.1840576962857
2616,2560.413863962619
2617,2518.719938208482
2618,2281.9115966806703
2619,1836.1227277861162
2620,1530.26248654548
2621,2509.7717543802432
2622,2745.7094703626594
2623,1840.8726202916087
2624,1834.196723115023
2625,2390.4414453414793
2626,1834.196723115023
2627,2711.892590060524
2628,2745.7094703626594
2629,1530.26248654548
2630,2430.947870260741
2631,1841.4736052774226
2632,1818.1840576962857
2633,2746.692309118944
2634,2724.611479757156
2635,2695.0809416018383
2636,2434.02255141696
2637,1943.4870516873439
2638,2430.947870260741
2639,2430.947870260741
2640,2614.6304437190192
2641,1644.2934513370926
2642,1840.8726202916087
2643,2549.3951091898916
2644,2720.6597121225627
2645,1919.193080626566
2646,2168.645751975529
2647,1530.26248654548
2648,2205.763791583508
2649,1798.832422786901
2650,2745.091299204662
2651,1835.3028290929253
2652,2670.1249206561474
2653,2651.157419556788
2654,2502.5638446396524
2655,2518.719938208482
2656,1840.8726202916087
2657,1692.4878153602433
2658,1653.7654254596907
2659,1840.8726202916087
2660,1839.653152393296
2661,1818.1840576962857
2662,1834.196723115023
2663,1957.7379637278264
2664,2168.645751975529
2665,1931.918389480866
2666,2745.7094703626594
2667,1828.9708750183877
2668,2864.9585787551528
2669,1530.26248654548
2670,1818.1840576962857
2671,2168.645751975529
2672,1838.7389319080712
2673,2440.151640082173
2674,1684.4170414863993
2675,1840.8726202916087
2676,1924.5440365862
2677,1841.4736052774226
2678,2112.0034186866906
2679,2709.528030477635
2680,2610.009537251275
2681,2533.0376719273017
2682,1834.196723115023
2683,1840.8726202916087
2684,1530.26248654548
2685,2642.61749018628
2686,2684.974483395855
2687,1888.9522094896668
2688,2691.19397990375
2689,2508.337989543499
2690,1838.1780627600929
2691,1840.8726202916087
2692,1836.1227277861162
2693,2691.19397990375
2694,1834.196723115023
2695,2493.893743363576
2696,2651.157419556788
2697,2430.947870260741
2698,1835.2339143532333
2699,1834.196723115023
2700,2177.842418872858
2701,1840.8726202916087
2702,1834.196723115023
2703,2168.645751975529
2704,2651.157419556788
2705,2493.893743363576
2706,1818.1840576962857
2707,1834.196723115023
2708,2702.040874671676
2709,1839.6294623850645
2710,1839.5400019502401
2711,2711.892590060524
2712,1834.196723115023
2713,2743.2229389137697
2714,1864.03304789827
2715,1834.196723115023
2716,1530.26248654548
2717,2493.893743363576
2718,1818.1840576962857
2719,2745.7094703626594
2720,1530.26248654548
2721,1841.4736052774226
2722,1834.196723115023
2723,1834.196723115023
2724,2168.645751975529
2725,1964.0888826614591
2726,1818.1840576962857
2727,1832.254557535982
2728,1818.1840576962857
2729,2019.863669670663
2730,2537.6865372034363
2731,1834.196723115023
2732,2651.157419556788
2733,2007.5463833461479
2734,2691.19397990375
2735,2651.157419556788
2736,1951.5322488426505
2737,2061.5201448526886
2738,2310.7685802311908
2739,1951.5322488426505
2740,1834.196723115023
2741,1937.6272236417917
2742,1818.1840576962857
2743,1530.26248654548
2744,1834.196723115023
2745,2168.645751975529
2746,2168.645751975529
2747,2430.947870260741
2748,2027.4197625908616
2749,1530.26248654548
2750,2430.947870260741
2751,2651.157419556788
2752,1818.1840576962857
2753,1834.196723115023
2754,2430.947870260741
2755,1840.8726202916087
2756,2032.52444994986
2757,2636.729660889171
2758,1818.1840576962857
2759,1783.9279786676423
2760,1834.196723115023
2761,2689.7730154130113
2762,1834.196723115023
2763,1818.1840576962857
2764,1530.26248654548
2765,1755.4278459995578
2766,2735.3655295887434
2767,1840.8726202916087
2768,2657.066802682903
2769,2631.2542062487155
2770,2600.5746092365657
2771,1841.4736052774226
2772,1840.8726202916087
2773,1530.26248654548
2774,2526.3335872535663
2775,1841.4736052774226
2776,2403.0010447299837
2777,1818.1840576962857
2778,2539.003628272157
2779,1959.8388985005615
2780,1928.1971230753365
2781,1828.794599531769
2782,1951.5322488426505
2783,1818.1840576962857
2784,2434.02255141696
2785,2671.7079538747516
2786,2165.5937792236145
2787,1845.4216979618773
2788,1530.26248654548
2789,2430.947870260741
2790,1840.8726202916087
2791,2728.882658217115
2792,2434.02255141696
2793,1834.196723115023
2794,2517.8811630397736
2795,1818.1840576962857
2796,2032.52444994986
2797,1818.1840576962857
2798,2440.151640082173
2799,1530.26248654548
2800,2728.882658217115
2801,2518.719938208482
2802,1834.196723115023
2803,2352.382359179753
2804,1833.3374061783113
2805,1530.26248654548
2806,1818.1840576962857
2807,2168.645751975529
2808,2187.097051838191
2809,1951.5322488426505
2810,1839.1657846886892
2811,2193.296989756848
2812,1856.9830420315047
2813,2549.3951091898916
2814,2050.800928312625
2815,2557.7832746885633
2816,1951.5322488426505
2817,1530.26248654548
2818,1951.5322488426505
2819,2660.4078609378294
2820,2572.5706746247333
2821,1951.5322488426505
2822,2687.290433421209
2823,2430.947870260741
2824,2746.742225545943
2825,1530.26248654548
2826,2403.0010447299837
2827,1841.4736052774226
2828,1829.53707079725
2829,1530.26248654548
2830,1840.8726202916087
2831,1840.8726202916087
2832,1530.26248654548
2833,1826.7611864205167
2834,2430.947870260741
2835,2727.37892479755
2836,2168.645751975529
2837,1951.5322488426505
2838,2707.790768117493
2839,1839.617610673142
2840,1834.196723115023
2841,1840.8726202916087
2842,1836.1227277861162
2843,2742.809622362322
2844,2544.433066373879
2845,1951.5322488426505
2846,2745.7094703626594
2847,2240.4349194824363
2848,1828.8262167054993
2849,2168.645751975529
2850,2742.809622362322
2851,1530.26248654548
2852,2676.3896000990176
2853,2072.43026421912
2854,1834.196723115023
2855,2730.8003026283327
2856,2744.326171988057
2857,1951.5322488426505
2858,1834.1046713239796
2859,1832.5034202066324
2860,1840.8726202916087
2861,1951.5322488426505
2862,1836.7319815315013
2863,1951.5322488426505
2864,1951.5322488426505
2865,1840.8726202916087
2866,2746.5695214456437
2867,1837.6387031984852
2868,1530.26248654548
2869,1841.4736052774226
2870,1959.8388985005615
2871,1840.8726202916087
2872,1840.8726202916087
2873,1755.4278459995578
2874,2473.3244220260685
2875,2499.341235131637
2876,2686.8899255627894
2877,1840.28771306398
2878,1834.196723115023
2879,2549.8999568887175
2880,2720.9683527238262
2881,1818.1840576962857
2882,1832.101676829401
2883,2549.3951091898916
2884,2525.0562542820967
2885,2503.5956694275915
2886,2297.93868931981
2887,1834.196723115023
2888,1530.26248654548
2889,2651.157419556788
2890,2691.19397990375
2891,2568.2241555158434
2892,2707.790768117493
2893,2745.7094703626594
2894,2720.9683527238262
2895,1834.196723115023
2896,2502.5638446396524
2897,2549.3951091898916
2898,2430.947870260741
2899,2262.7212078404546
2900,2746.0074679788822
2901,1840.8726202916087
2902,2434.02255141696
2903,2503.5956694275915
2904,2518.719938208482
2905,2259.5295607465214
2906,1840.8726202916087
2907,1818.1840576962857
2908,2638.2834304745143
2909,1856.9830420315047
2910,2109.109953351225
2911,1530.26248654548
2912,1839.6294623850645
2913,1832.3993691307076
2914,2549.3951091898916
2915,2440.151640082173
2916,1837.6732125897822
2917,2549.3951091898916
2918,2262.7212078404546
2919,2496.7938816908036
2920,2517.8811630397736
2921,2731.482468105853
2922,1828.9440068003717
2923,2554.1747971855248
2924,1834.196723115023
2925,2390.4414453414793
2926,2458.3650342223127
2927,2668.5310494063374
2928,2740.2560686695138
2929,2745.7094703626594
2930,1841.4736052774226
2931,2434.02255141696
2932,1951.5322488426505
2933,1818.1840576962857
2934,2745.7094703626594
2935,2746.774464228202
2936,2434.02255141696
2937,1818.1840576962857
2938,1951.5322488426505
2939,1824.2026543614538
2940,1834.196723115023
2941,1951.5322488426505
2942,2458.3650342223127
2943,1951.5322488426505
2944,1834.196723115023
2945,2657.066802682903
2946,2689.7730154130113
2947,1951.5322488426505
2948,1951.5322488426505
2949,2543.218893463692
2950,1951.5322488426505
2951,1839.050467506247
2952,1839.7187973554674
2953,2651.157419556788
2954,2745.8114955162314
2955,2430.947870260741
2956,2691.19397990375
2957,2584.7969428569463
2958,2717.635775126076
2959,2355.571177154764
2960,2588.429488043453
2961,1840.8726202916087
2962,1821.3487768009306
2963,2114.906494403419
2964,1530.26248654548
2965,2707.790768117493
2966,2651.157419556788
2967,2345.9976508989553
2968,2745.7094703626594
2969,2745.7094703626594
2970,1834.196723115023
2971,1856.9830420315047
2972,1818.1840576962857
2973,1838.3558009154958
2974,1837.6012463823915
2975,1924.5440365862
2976,2651.157419556788
2977,2490.9837077958146
2978,2424.779049232522
2979,1818.1840576962857
2980,2518.719938208482
2981,1834.196723115023
2982,2522.4242313705813
2983,1845.4216979618773
2984,2430.947870260741
2985,2508.0347682499973
2986,2227.7695481026067
2987,2168.645751975529
2988,2040.2802388439045
2989,1818.1840576962857
2990,1549.750660346632
2991,2168.645751975529
2992,1834.196723115023
2993,2256.3402752824118
2994,2745.7094703626594
2995,1775.2910304601487
2996,2531.2554385398143
2997,1741.1289110798616
2998,1840.8726202916087
2999,2636.729660889171
3000,2625.9348111851978
3001,2440.151640082173
3002,1530.26248654548
3003,2434.02255141696
3004,2117.8190436836103
3005,2440.151640082173
3006,2651.157419556788
3007,2518.719938208482
3008,1951.5322488426505
3009,1840.8726202916087
3010,1834.196723115023
3011,2745.7094703626594
3012,1840.8726202916087
3013,2040.2802388439045
3014,1530.26248654548
3015,2168.645751975529
3016,2527.9980223059633
3017,1961.9558959406954
3018,2634.597129561401
3019,2144.4353563684786
3020,1711.3959515208637
3021,2651.157419556788
3022,2345.9976508989553
3023,2500.853076813523
3024,2619.1856343633654
3025,1834.196723115023
3026,2740.2560686695138
3027,1818.1840576962857
3028,1840.8726202916087
3029,1834.196723115023
3030,2668.3771397188184
3031,1818.1840576962857
3032,1834.196723115023
3033,1847.619103457682
3034,2519.0161073367553
3035,1841.4736052774226
3036,1951.5322488426505
3037,1838.0156040017487
3038,1838.7389319080712
3039,1837.3099213620394
3040,1867.318215848225
3041,1840.8726202916087
3042,1839.6294623850645
3043,1849.9678691101053
3044,2745.7094703626594
3045,1840.8726202916087
3046,2745.7094703626594
3047,2352.382359179753
3048,2434.02255141696
3049,1834.196723115023
3050,2651.157419556788
3051,2168.645751975529
3052,1841.4736052774226
3053,1834.196723115023
3054,1841.4736052774226
3055,1832.101676829401
3056,2500.2299123787066
3057,1831.1595298973402
3058,2682.3714040508626
3059,2141.443823250799
3060,1530.26248654548
3061,1841.4736052774226
3062,2168.645751975529
3063,2180.92105721496
3064,2579.5202274590533
3065,1684.4170414863993
3066,2501.8401989510844
3067,2699.5069489829157
3068,1840.8726202916087
3069,2680.6914505027607
3070,2168.645751975529
3071,2168.645751975529
3072,1951.5322488426505
3073,1834.196723115023
3074,2745.7094703626594
3075,1818.1840576962857
3076,1833.0384674824288
3077,1839.653152393296
3078,1549.750660346632
3079,1832.5034202066324
3080,1842.7241423474286
3081,2434.02255141696
3082,1530.26248654548
3083,2430.947870260741
3084,1834.196723115023
3085,1951.5322488426505
3086,1834.196723115023
3087,1951.5322488426505
3088,1951.5322488426505
3089,2498.8809276849183
3090,2141.443823250799
3091,1951.5322488426505
3092,1818.1840576962857
3093,2745.7094703626594
3094,2740.4013112396565
3095,2651.157419556788
3096,1530.26248654548
3097,2516.7718584223535
3098,1667.369666861898
3099,2430.947870260741
3100,1834.196723115023
3101,1951.5322488426505
3102,2224.6127168576613
3103,2019.863669670663
3104,2430.947870260741
3105,1834.196723115023
3106,2703.328699063137
3107,1789.8756187015224
3108,2682.4655870520287
3109,1818.1840576962857
3110,1834.196723115023
3111,1704.0461873420504
3112,1834.196723115023
3113,2549.3951091898916
3114,1951.5322488426505
3115,2702.040874671676
3116,1530.26248654548
3117,2689.7730154130113
3118,1841.4736052774226
3119,1530.26248654548
3120,1818.1840576962857
3121,1841.4736052774226
3122,2193.296989756848
3123,2227.7695481026067
3124,2560.413863962619
3125,2651.157419556788
3126,2499.143246924892
3127,1857.937722101761
3128,2557.7832746885633
3129,2733.9076298960013
3130,2689.7730154130113
3131,1634.4915274552664
3132,1837.6012463823915
3133,2514.353492228662
3134,1530.26248654548
3135,1629.4646781487331
3136,2434.02255141696
3137,2168.645751975529
3138,2066.9518277516995
3139,2434.02255141696
3140,1834.196723115023
3141,1818.1840576962857
3142,1833.3374061783113
3143,1834.196723115023
3144,2518.719938208482
3145,1839.1657846886892
3146,2745.7094703626594
3147,1832.3993691307076
3148,1951.5322488426505
3149,1829.8594751801124
3150,2531.2554385398143
3151,1840.8726202916087
3152,2745.7094703626594
3153,1841.4736052774226
3154,1834.196723115023
3155,2711.892590060524
3156,2651.157419556788
3157,1840.8726202916087
3158,1840.8726202916087
3159,1834.196723115023
3160,2168.645751975529
3161,2625.8930413959156
3162,2746.742225545943
3163,1530.26248654548
3164,1834.196723115023
3165,1867.318215848225
3166,1840.8726202916087
3167,1983.9925121492909
3168,2638.2834304745143
3169,2237.2631876050673
3170,1876.85842753709
3171,1530.26248654548
3172,2691.19397990375
3173,1530.26248654548
3174,2168.645751975529
3175,1840.8726202916087
3176,1841.4736052774226
3177,1530.26248654548
3178,2330.002373904365
3179,1818.1840576962857
3180,1653.7654254596907
3181,1834.196723115023
3182,1834.196723115023
3183,1840.8726202916087
3184,1834.1046713239796
3185,1951.5322488426505
3186,2549.3951091898916
3187,2549.3951091898916
3188,2555.1393430115586
3189,2507.213025395049
3190,2549.3951091898916
3191,2677.9268701193905
3192,2651.157419556788
3193,2544.433066373879
3194,2739.278631630161
3195,1899.3539382732513
3196,1530.26248654548
3197,2168.645751975529
3198,2430.947870260741
3199,2745.7094703626594
3200,1644.2934513370926
3201,1818.1840576962857
3202,1840.8726202916087
3203,2691.19397990375
3204,1865.110446541471
3205,1959.8388985005615
3206,1818.1840576962857
3207,2281.9115966806703
3208,1821.3487768009306
3209,2461.3735474372997
3210,1977.2182995211551
3211,2458.3650342223127
3212,2434.02255141696
3213,2230.9303427632694
3214,2168.645751975529
3215,1818.1840576962857
3216,1828.9440068003717
3217,1634.4915274552664
3218,2461.3735474372997
3219,2746.742225545943
3220,2613.416990707657
3221,2627.7118357721142
3222,1891.8354432830026
3223,1840.8726202916087
3224,1734.9778109314407
3225,2514.353492228662
3226,2150.4424743715817
3227,2555.1393430115586
3228,1755.4278459995578
3229,2307.5610813911026
3230,2745.7094703626594
3231,1951.5322488426505
3232,1597.4860387583344
3233,1876.85842753709
3234,1829.7064272309058
3235,1530.26248654548
3236,2678.991505400449
3237,1834.196723115023
3238,1530.26248654548
3239,1829.3205545084631
3240,1830.3940978626224
3241,1840.8726202916087
3242,1834.7995738503366
3243,2168.645751975529
3244,1840.8726202916087
3245,2698.0847684326277
3246,2265.915054621123
3247,2716.4811017088537
3248,1834.196723115023
3249,2518.719938208482
3250,2168.645751975529
3251,2434.02255141696
3252,1834.196723115023
3253,2691.19397990375
3254,1951.5322488426505
3255,1818.1840576962857
3256,2568.2241555158434
3257,2715.311826958733
3258,1530.26248654548
3259,2745.7094703626594
3260,2168.645751975529
3261,1856.0457511894692
3262,2746.774464228202
3263,2535.8577833157374
3264,1834.196723115023
3265,2168.645751975529
3266,1818.1840576962857
3267,1840.8726202916087
3268,1834.196723115023
3269,1530.26248654548
3270,2390.4414453414793
3271,2430.947870260741
3272,1802.0959094081181
3273,2199.5196469916255
3274,1910.6208278719762
3275,2651.157419556788
3276,1574.370704975613
3277,1530.26248654548
3278,1840.8726202916087
3279,2745.7094703626594
3280,2430.947870260741
3281,2744.8073278542533
3282,2699.4187216979253
3283,2168.645751975529
3284,2691.19397990375
3285,2493.893743363576
3286,1818.1840576962857
3287,2544.740453888804
3288,1919.193080626566
3289,2651.157419556788
3290,2281.9115966806703
3291,2406.128697115388
3292,1818.1840576962857
3293,2691.19397990375
3294,1838.1780627600929
3295,2638.2834304745143
3296,1841.4736052774226
3297,1836.7393204000275
3298,1834.196723115023
3299,2690.468233545906
3300,2745.7094703626594
3301,2490.9837077958146
3302,1834.196723115023
3303,1818.1840576962857
3304,2352.382359179753
3305,2007.5463833461479
3306,2168.645751975529
3307,2689.7730154130113
3308,2696.577125408535
3309,1839.1657846886892
3310,1530.26248654548
3311,1869.5967627669
3312,1840.8726202916087
3313,1840.8726202916087
3314,1841.4736052774226
3315,2434.02255141696
3316,1904.0771417366593
3317,2434.02255141696
3318,2281.9115966806703
3319,2434.02255141696
3320,2262.7212078404546
3321,1951.5322488426505
3322,2686.8899255627894
3323,2746.6198210376424
3324,2745.7094703626594
3325,2689.7730154130113
3326,1837.6387031984852
3327,1830.8149322704169
3328,2430.947870260741
3329,2745.7094703626594
3330,1904.0771417366593
3331,1841.4736052774226
3332,1783.9279786676423
3333,1840.8726202916087
3334,1839.4733635393268
